user_id,item_id
259,"[432, 181, 302, 147, 186, 96, 550, 248, 498, 240, 77, 300, 89, 127, 100, 274, 79, 732, 603, 210, 9, 66, 183, 514, 197, 181, 250, 132, 97, 234, 7, 135, 235, 385, 70, 257, 591, 179, 69, 472, 405, 597, 173, 245, 208, 230, 431, 475, 739, 186, 393, 176, 367, 527, 153, 191, 321, 95, 70, 685, 215, 588, 480, 498, 204, 22, 211, 175, 96, 31, 282, 193, 202, 83, 582, 28, 268, 203, 230, 284, 199, 748, 154, 265, 435, 7, 50, 203, 117, 431, 7, 134, 188, 147, 523, 199, 283, 568, 210, 153]"
851,"[474, 4, 591, 660, 132, 268, 218, 265, 133, 498, 393, 259, 419, 367, 227, 475, 582, 23, 82, 143, 127, 511, 176, 14, 154, 685, 326, 95, 274, 150, 319, 410, 276, 58, 186, 523, 286, 154, 179, 143, 508, 285, 97, 259, 443, 199, 218, 357, 191, 50, 268, 259, 89, 690, 25, 748, 147, 147, 172, 196, 228, 77, 328, 185, 603, 100, 144, 427, 179, 240, 50, 258, 259, 294, 471, 268, 319, 66, 95, 66, 748, 179, 226, 385, 100, 732, 651, 357, 176, 188, 66, 50, 175, 161, 298, 483, 202, 322, 154, 496]"
712,"[479, 323, 333, 69, 322, 471, 269, 187, 433, 204, 204, 273, 196, 443, 95, 483, 566, 182, 117, 739, 182, 739, 655, 403, 228, 282, 12, 210, 475, 274, 11, 566, 200, 66, 227, 194, 203, 200, 153, 286, 209, 135, 685, 9, 322, 202, 474, 845, 222, 527, 403, 25, 550, 276, 527, 523, 173, 480, 257, 739, 218, 597, 100, 83, 235, 403, 321, 250, 690, 193, 179, 127, 496, 431, 195, 204, 4, 168, 180, 690, 508, 588, 82, 151, 164, 276, 134, 83, 100, 133, 58, 125, 432, 284, 321, 79, 183, 117, 298, 66]"
119,"[248, 194, 238, 118, 603, 427, 326, 185, 283, 443, 321, 268, 188, 628, 282, 187, 433, 15, 69, 151, 172, 321, 7, 427, 222, 496, 597, 96, 172, 70, 515, 135, 196, 132, 230, 58, 180, 327, 15, 180, 286, 591, 23, 321, 164, 124, 25, 603, 250, 252, 275, 150, 79, 134, 208, 238, 385, 8, 154, 175, 273, 188, 515, 23, 328, 69, 70, 12, 161, 393, 179, 147, 472, 284, 301, 97, 248, 288, 22, 31, 845, 265, 9, 269, 180, 111, 132, 269, 269, 134, 216, 82, 237, 147, 50, 568, 176, 194, 435, 285]"
640,"[591, 402, 153, 582, 603, 432, 89, 298, 451, 393, 64, 137, 588, 289, 15, 591, 326, 282, 248, 357, 25, 135, 684, 289, 282, 4, 588, 89, 82, 566, 193, 111, 7, 1, 179, 235, 273, 100, 176, 431, 133, 283, 326, 111, 515, 402, 117, 31, 496, 269, 385, 69, 172, 83, 121, 23, 95, 472, 210, 411, 255, 82, 79, 147, 566, 472, 597, 50, 423, 144, 202, 14, 238, 58, 179, 23, 25, 111, 181, 185, 209, 144, 216, 234, 132, 228, 168, 284, 248, 275, 188, 431, 89, 218, 183, 273, 684, 550, 143, 284]"
594,"[327, 238, 180, 327, 182, 276, 12, 515, 56, 176, 498, 294, 187, 651, 265, 235, 405, 164, 153, 186, 168, 471, 357, 203, 258, 443, 83, 96, 22, 99, 474, 204, 153, 245, 137, 546, 289, 603, 216, 322, 300, 550, 739, 288, 250, 566, 197, 15, 134, 70, 476, 321, 143, 472, 692, 9, 182, 582, 196, 117, 215, 69, 8, 597, 250, 200, 50, 151, 321, 195, 71, 151, 200, 508, 265, 588, 431, 154, 180, 393, 402, 269, 218, 8, 300, 739, 248, 226, 742, 403, 82, 443, 431, 471, 100, 137, 393, 218, 628, 175]"
23,"[475, 202, 200, 322, 144, 480, 197, 83, 328, 230, 385, 515, 118, 218, 195, 218, 302, 748, 144, 582, 153, 100, 234, 83, 191, 98, 79, 321, 199, 479, 9, 385, 474, 322, 4, 135, 410, 71, 100, 144, 98, 385, 431, 288, 88, 433, 8, 137, 88, 367, 82, 185, 226, 197, 248, 252, 245, 690, 96, 226, 229, 403, 511, 603, 208, 690, 191, 227, 191, 443, 508, 479, 133, 474, 71, 151, 472, 89, 685, 1, 651, 28, 742, 603, 183, 144, 496, 402, 252, 284, 419, 328, 628, 229, 603, 227, 14, 82, 660, 443]"
276,"[134, 182, 739, 427, 13, 99, 405, 732, 77, 204, 435, 210, 259, 7, 255, 327, 185, 185, 98, 227, 183, 483, 161, 739, 182, 70, 181, 282, 250, 393, 218, 284, 230, 597, 161, 181, 474, 269, 357, 56, 144, 9, 222, 288, 227, 137, 515, 199, 298, 175, 496, 71, 179, 124, 4, 235, 479, 326, 435, 9, 433, 203, 204, 11, 8, 97, 318, 9, 393, 11, 25, 15, 195, 435, 95, 252, 173, 286, 200, 597, 276, 405, 302, 284, 328, 357, 479, 111, 479, 301, 235, 185, 515, 143, 133, 121, 480, 188, 327, 259]"
913,"[235, 284, 132, 597, 89, 282, 96, 14, 433, 419, 230, 845, 132, 265, 188, 321, 228, 1, 13, 273, 210, 472, 684, 286, 431, 71, 498, 82, 323, 269, 7, 180, 282, 240, 597, 479, 199, 597, 472, 739, 282, 24, 255, 298, 127, 211, 135, 31, 443, 472, 690, 199, 655, 195, 134, 211, 83, 211, 403, 181, 143, 77, 483, 274, 22, 566, 732, 25, 732, 56, 229, 319, 191, 143, 443, 319, 154, 132, 566, 294, 276, 245, 99, 7, 82, 402, 1, 204, 147, 23, 202, 183, 748, 690, 175, 474, 385, 12, 435, 183]"
532,"[550, 660, 259, 258, 684, 173, 286, 258, 628, 191, 435, 238, 229, 168, 89, 144, 298, 95, 204, 71, 283, 173, 195, 302, 197, 238, 11, 88, 237, 235, 322, 432, 196, 23, 99, 172, 174, 248, 474, 265, 403, 588, 480, 597, 245, 95, 588, 732, 298, 511, 684, 443, 402, 28, 176, 432, 410, 66, 423, 228, 474, 265, 71, 238, 684, 168, 188, 228, 566, 235, 133, 227, 588, 265, 8, 284, 273, 70, 124, 11, 28, 179, 475, 222, 175, 234, 655, 179, 405, 95, 475, 451, 134, 357, 202, 419, 403, 523, 431, 168]"
821,"[88, 845, 285, 582, 187, 4, 125, 15, 28, 327, 660, 204, 185, 185, 432, 154, 25, 195, 173, 479, 24, 89, 83, 134, 218, 199, 147, 483, 333, 259, 515, 211, 318, 64, 191, 628, 265, 143, 211, 298, 403, 282, 474, 15, 24, 218, 240, 285, 582, 230, 742, 258, 173, 22, 100, 235, 234, 172, 283, 132, 98, 25, 476, 326, 58, 357, 427, 143, 127, 660, 69, 451, 385, 275, 234, 188, 186, 273, 69, 66, 474, 655, 31, 289, 187, 327, 210, 226, 82, 124, 203, 226, 69, 410, 97, 433, 357, 133, 12, 218]"
291,"[273, 137, 269, 180, 269, 199, 318, 135, 230, 431, 202, 283, 181, 252, 13, 226, 423, 235, 684, 226, 23, 195, 678, 133, 508, 289, 472, 12, 187, 322, 66, 191, 64, 71, 12, 216, 182, 302, 196, 8, 154, 660, 111, 182, 216, 118, 685, 12, 523, 23, 124, 419, 498, 546, 222, 566, 288, 64, 480, 200, 164, 4, 732, 323, 97, 845, 15, 4, 402, 181, 628, 98, 196, 82, 419, 8, 326, 89, 357, 186, 285, 181, 268, 9, 208, 515, 508, 173, 197, 172, 508, 28, 181, 250, 1, 240, 134, 150, 200, 183]"
157,"[203, 333, 50, 191, 255, 23, 181, 147, 100, 435, 1, 402, 288, 628, 318, 15, 240, 319, 22, 480, 443, 472, 9, 288, 498, 31, 144, 432, 164, 275, 845, 95, 25, 411, 298, 151, 195, 385, 28, 124, 97, 134, 660, 252, 147, 322, 294, 298, 31, 385, 301, 204, 9, 276, 628, 144, 250, 318, 13, 226, 323, 435, 515, 143, 226, 195, 265, 451, 588, 100, 300, 245, 226, 187, 546, 739, 739, 64, 511, 474, 23, 180, 237, 628, 77, 143, 411, 222, 298, 208, 12, 95, 22, 14, 240, 273, 23, 215, 222, 228]"
817,"[22, 82, 748, 327, 168, 143, 591, 300, 435, 568, 285, 443, 410, 333, 7, 268, 77, 83, 191, 393, 197, 222, 748, 25, 433, 357, 23, 651, 133, 79, 228, 99, 274, 655, 432, 284, 245, 98, 69, 134, 172, 471, 427, 132, 411, 732, 96, 690, 739, 472, 193, 367, 234, 79, 284, 191, 265, 257, 31, 28, 435, 211, 187, 739, 298, 82, 179, 274, 597, 275, 227, 472, 568, 423, 197, 79, 660, 443, 181, 203, 226, 186, 684, 168, 471, 294, 7, 210, 179, 25, 508, 328, 229, 479, 739, 197, 11, 98, 79, 566]"
756,"[651, 98, 12, 185, 153, 333, 275, 357, 603, 411, 209, 89, 275, 230, 204, 284, 185, 88, 286, 218, 250, 283, 245, 498, 508, 284, 79, 523, 196, 566, 367, 195, 183, 690, 248, 474, 24, 14, 96, 143, 181, 182, 83, 180, 183, 258, 628, 273, 50, 222, 13, 203, 218, 89, 194, 11, 22, 25, 175, 185, 209, 323, 230, 210, 187, 127, 182, 286, 83, 13, 229, 385, 79, 289, 496, 451, 294, 471, 327, 566, 628, 523, 480, 748, 742, 269, 393, 273, 419, 566, 182, 655, 95, 134, 188, 479, 66, 479, 328, 134]"
893,"[71, 248, 210, 182, 227, 88, 685, 229, 405, 127, 95, 83, 435, 183, 393, 732, 748, 483, 13, 24, 135, 111, 121, 550, 318, 268, 118, 245, 7, 300, 435, 582, 357, 523, 69, 433, 182, 196, 250, 423, 88, 79, 172, 100, 471, 405, 147, 301, 100, 514, 732, 255, 182, 175, 423, 276, 235, 405, 739, 603, 298, 24, 684, 176, 88, 88, 685, 31, 300, 28, 515, 685, 603, 514, 97, 210, 8, 125, 24, 323, 132, 64, 209, 385, 423, 367, 385, 181, 23, 153, 226, 566, 393, 161, 194, 393, 7, 182, 132, 8]"
933,"[24, 230, 568, 64, 24, 175, 195, 14, 218, 423, 117, 216, 327, 88, 651, 419, 655, 187, 66, 385, 298, 194, 173, 435, 25, 508, 739, 319, 582, 273, 4, 301, 14, 655, 70, 419, 121, 66, 191, 685, 410, 195, 7, 164, 197, 134, 83, 268, 289, 98, 89, 69, 66, 203, 216, 185, 25, 403, 289, 435, 289, 137, 100, 168, 218, 25, 1, 628, 164, 433, 191, 550, 566, 11, 476, 150, 186, 97, 472, 451, 50, 25, 514, 301, 226, 237, 11, 209, 237, 180, 199, 739, 443, 124, 23, 385, 427, 566, 188, 204]"
543,"[194, 174, 597, 288, 511, 319, 135, 174, 514, 199, 194, 23, 187, 423, 99, 124, 168, 230, 433, 226, 423, 193, 193, 515, 12, 435, 191, 124, 4, 245, 15, 175, 124, 31, 121, 411, 202, 229, 286, 515, 4, 403, 97, 451, 732, 179, 173, 546, 566, 511, 195, 690, 283, 9, 183, 496, 475, 234, 23, 182, 327, 164, 97, 69, 111, 301, 202, 77, 204, 172, 433, 515, 597, 56, 183, 56, 58, 234, 268, 89, 71, 183, 173, 274, 185, 257, 742, 660, 13, 69, 179, 275, 250, 257, 230, 82, 132, 13, 301, 431]"
506,"[660, 739, 182, 496, 238, 200, 193, 135, 117, 89, 95, 88, 127, 121, 183, 199, 385, 186, 89, 215, 568, 8, 255, 748, 164, 732, 98, 89, 181, 255, 393, 208, 443, 172, 550, 480, 326, 31, 79, 265, 515, 546, 7, 235, 511, 172, 208, 215, 289, 234, 273, 282, 69, 179, 250, 1, 546, 692, 274, 268, 186, 117, 474, 419, 259, 187, 259, 99, 197, 597, 79, 183, 588, 546, 566, 432, 175, 117, 211, 472, 227, 182, 8, 196, 472, 230, 195, 275, 182, 435, 124, 70, 100, 196, 451, 194, 451, 203, 150, 275]"
346,"[651, 66, 66, 248, 69, 97, 405, 240, 208, 180, 265, 328, 208, 258, 275, 89, 14, 385, 121, 327, 183, 498, 302, 96, 385, 283, 739, 523, 282, 64, 143, 11, 134, 419, 176, 79, 228, 259, 318, 88, 259, 276, 88, 546, 259, 240, 451, 597, 405, 684, 137, 181, 250, 71, 83, 402, 118, 237, 179, 226, 523, 237, 265, 182, 328, 208, 174, 655, 69, 423, 471, 238, 203, 475, 118, 228, 403, 95, 226, 227, 302, 289, 258, 427, 88, 230, 97, 215, 685, 125, 13, 83, 14, 286, 511, 193, 483, 451, 82, 427]"
21,"[234, 550, 174, 117, 276, 218, 298, 8, 121, 187, 143, 403, 12, 12, 13, 147, 258, 147, 56, 435, 147, 483, 274, 514, 143, 568, 182, 660, 357, 238, 176, 66, 200, 176, 193, 226, 597, 199, 326, 117, 660, 274, 211, 333, 651, 150, 550, 289, 226, 173, 405, 423, 79, 472, 195, 229, 423, 527, 323, 294, 402, 588, 31, 180, 229, 286, 250, 603, 215, 28, 385, 411, 56, 132, 692, 64, 79, 302, 259, 183, 410, 568, 419, 431, 480, 96, 566, 199, 498, 13, 405, 258, 742, 227, 229, 258, 228, 582, 89, 71]"
130,"[197, 321, 180, 431, 4, 326, 284, 527, 508, 196, 183, 121, 98, 732, 151, 56, 127, 300, 655, 435, 298, 28, 685, 211, 118, 229, 13, 70, 100, 591, 282, 739, 474, 326, 222, 248, 245, 451, 151, 222, 284, 250, 684, 523, 302, 474, 172, 496, 300, 443, 70, 180, 323, 245, 204, 150, 742, 690, 124, 451, 194, 732, 8, 11, 294, 258, 98, 132, 660, 475, 483, 276, 144, 511, 151, 323, 196, 591, 628, 566, 527, 88, 28, 203, 476, 655, 258, 660, 173, 432, 125, 300, 153, 50, 209, 77, 285, 250, 660, 137]"
297,"[70, 275, 7, 742, 202, 175, 222, 56, 474, 172, 582, 250, 185, 582, 124, 285, 508, 451, 603, 226, 56, 228, 678, 31, 476, 82, 294, 204, 25, 284, 333, 651, 302, 173, 209, 471, 187, 301, 89, 302, 480, 88, 385, 188, 203, 150, 185, 179, 117, 227, 240, 134, 181, 286, 235, 302, 168, 174, 265, 209, 154, 301, 328, 431, 739, 479, 187, 124, 402, 50, 431, 480, 294, 289, 284, 154, 248, 175, 1, 423, 195, 216, 405, 66, 588, 273, 250, 210, 367, 83, 288, 498, 216, 238, 96, 226, 199, 182, 748, 200]"
621,"[168, 527, 23, 514, 12, 137, 322, 245, 176, 14, 133, 97, 227, 692, 582, 118, 230, 179, 82, 252, 498, 15, 591, 274, 245, 591, 546, 274, 118, 64, 739, 498, 127, 431, 117, 294, 432, 173, 628, 31, 199, 97, 195, 23, 265, 174, 222, 651, 147, 22, 173, 474, 228, 71, 742, 203, 248, 216, 172, 95, 58, 498, 284, 252, 7, 435, 411, 208, 22, 203, 210, 508, 268, 742, 100, 183, 385, 66, 182, 273, 50, 4, 432, 66, 276, 268, 511, 739, 546, 183, 135, 550, 132, 411, 204, 95, 135, 269, 11, 322]"
1,"[588, 527, 285, 685, 203, 498, 268, 28, 180, 268, 660, 100, 218, 28, 70, 255, 273, 237, 684, 153, 385, 194, 132, 132, 235, 71, 98, 173, 393, 410, 50, 568, 274, 568, 238, 591, 96, 174, 14, 523, 302, 498, 302, 64, 79, 137, 211, 471, 153, 283, 211, 300, 237, 690, 153, 245, 28, 191, 117, 69, 483, 328, 186, 568, 588, 300, 14, 265, 257, 282, 684, 684, 193, 443, 603, 257, 275, 514, 172, 124, 222, 161, 514, 323, 294, 286, 154, 193, 523, 591, 226, 24, 527, 153, 323, 527, 79, 328, 71, 275]"
860,"[301, 50, 582, 50, 283, 451, 515, 88, 240, 597, 56, 333, 443, 411, 127, 208, 515, 176, 248, 451, 228, 174, 472, 174, 276, 603, 474, 196, 226, 182, 186, 143, 660, 186, 250, 588, 209, 143, 137, 24, 322, 183, 298, 127, 88, 134, 628, 125, 435, 125, 286, 433, 8, 96, 739, 476, 173, 471, 321, 89, 66, 250, 11, 191, 403, 275, 229, 748, 431, 203, 393, 685, 322, 69, 483, 58, 393, 28, 302, 11, 508, 405, 83, 194, 511, 199, 411, 328, 432, 202, 597, 678, 22, 285, 50, 151, 132, 135, 276, 99]"
342,"[235, 300, 98, 238, 150, 435, 98, 514, 22, 194, 282, 651, 28, 132, 194, 7, 527, 183, 227, 8, 135, 326, 98, 153, 294, 302, 151, 12, 550, 211, 300, 127, 357, 432, 238, 285, 732, 367, 472, 134, 71, 222, 393, 474, 301, 511, 514, 193, 98, 226, 327, 582, 333, 70, 194, 88, 135, 7, 79, 258, 56, 118, 301, 732, 597, 66, 1, 845, 566, 208, 182, 24, 255, 327, 124, 132, 288, 294, 423, 1, 96, 151, 24, 153, 582, 748, 187, 323, 282, 435, 82, 410, 124, 199, 286, 268, 474, 191, 144, 174]"
76,"[479, 15, 327, 208, 591, 403, 11, 12, 476, 527, 393, 194, 88, 660, 739, 174, 527, 523, 14, 432, 147, 111, 144, 12, 511, 180, 393, 125, 83, 183, 71, 284, 200, 50, 23, 550, 118, 226, 245, 471, 258, 523, 69, 168, 193, 82, 655, 226, 328, 282, 135, 288, 739, 479, 285, 288, 134, 77, 402, 197, 423, 28, 498, 273, 7, 134, 393, 419, 11, 187, 143, 7, 523, 692, 511, 216, 588, 196, 182, 685, 134, 133, 655, 66, 268, 234, 175, 216, 174, 367, 58, 153, 427, 234, 237, 200, 328, 319, 692, 845]"
833,"[285, 133, 322, 678, 147, 327, 173, 193, 194, 173, 14, 69, 161, 191, 250, 168, 282, 88, 151, 127, 692, 179, 748, 77, 1, 193, 188, 393, 89, 435, 527, 258, 11, 419, 582, 742, 237, 235, 282, 164, 150, 154, 588, 99, 222, 154, 216, 318, 88, 193, 202, 182, 196, 96, 182, 286, 393, 215, 237, 690, 11, 117, 88, 275, 14, 79, 151, 153, 393, 175, 568, 443, 678, 215, 183, 82, 588, 11, 222, 274, 269, 82, 250, 288, 603, 23, 514, 269, 96, 732, 174, 164, 14, 515, 227, 403, 79, 523, 227, 275]"
407,"[423, 660, 419, 216, 187, 9, 8, 591, 474, 483, 748, 208, 83, 164, 97, 96, 96, 137, 209, 66, 227, 405, 83, 327, 248, 111, 323, 12, 319, 322, 23, 97, 13, 288, 451, 739, 180, 186, 523, 443, 294, 25, 678, 229, 511, 95, 195, 300, 685, 288, 13, 186, 498, 451, 235, 259, 327, 56, 181, 96, 15, 255, 514, 550, 56, 475, 546, 588, 845, 483, 273, 748, 143, 603, 125, 12, 471, 472, 230, 566, 195, 133, 322, 286, 322, 739, 174, 127, 515, 282, 451, 82, 197, 117, 188, 258, 550, 181, 265, 845]"
941,"[405, 259, 483, 71, 258, 153, 431, 300, 546, 248, 77, 125, 83, 175, 739, 845, 187, 405, 8, 282, 321, 143, 257, 427, 475, 24, 302, 199, 77, 203, 483, 550, 515, 269, 204, 144, 97, 183, 99, 273, 275, 288, 289, 180, 628, 690, 151, 195, 523, 8, 180, 550, 182, 603, 496, 4, 403, 25, 132, 475, 153, 248, 132, 96, 259, 164, 357, 24, 227, 182, 405, 154, 174, 216, 211, 209, 603, 168, 248, 135, 294, 367, 591, 164, 193, 692, 301, 328, 411, 1, 684, 195, 230, 83, 480, 99, 265, 15, 471, 660]"
870,"[435, 187, 28, 515, 289, 514, 732, 411, 132, 13, 144, 151, 269, 183, 154, 211, 182, 172, 333, 285, 472, 411, 546, 245, 172, 333, 427, 9, 99, 134, 328, 690, 25, 22, 179, 199, 64, 24, 229, 161, 419, 496, 186, 690, 168, 58, 191, 222, 660, 151, 443, 151, 546, 286, 275, 285, 566, 319, 100, 200, 403, 11, 498, 410, 289, 229, 432, 285, 127, 282, 229, 226, 210, 14, 367, 498, 77, 692, 186, 193, 514, 176, 83, 294, 690, 9, 591, 88, 483, 423, 147, 403, 230, 188, 285, 164, 692, 147, 282, 215]"
30,"[97, 143, 393, 431, 151, 322, 294, 742, 419, 328, 89, 179, 405, 25, 257, 333, 161, 435, 77, 164, 97, 135, 56, 274, 83, 204, 135, 498, 185, 367, 322, 13, 154, 319, 132, 427, 259, 98, 597, 7, 216, 423, 289, 151, 435, 684, 9, 172, 125, 200, 222, 193, 692, 89, 474, 194, 282, 197, 288, 327, 98, 161, 597, 7, 121, 222, 144, 259, 411, 185, 24, 180, 77, 7, 56, 432, 195, 684, 285, 321, 97, 186, 211, 427, 22, 284, 97, 405, 14, 288, 203, 70, 132, 13, 603, 229, 597, 1, 660, 283]"
397,"[28, 268, 181, 186, 471, 96, 234, 479, 234, 153, 496, 235, 151, 100, 235, 405, 11, 475, 174, 176, 550, 318, 64, 474, 301, 143, 153, 111, 88, 451, 451, 685, 318, 168, 31, 210, 121, 124, 845, 403, 147, 154, 739, 240, 257, 153, 326, 732, 333, 15, 685, 150, 153, 230, 89, 739, 515, 285, 71, 226, 153, 50, 150, 419, 203, 357, 527, 248, 496, 202, 12, 357, 568, 515, 132, 161, 289, 186, 133, 135, 133, 603, 245, 172, 228, 588, 187, 133, 222, 732, 235, 14, 168, 185, 427, 13, 70, 100, 200, 748]"
188,"[222, 300, 301, 333, 181, 215, 268, 319, 161, 259, 514, 22, 845, 248, 405, 89, 150, 475, 258, 274, 515, 402, 172, 496, 182, 222, 527, 79, 82, 187, 252, 405, 527, 154, 300, 137, 147, 216, 257, 471, 24, 427, 285, 301, 4, 301, 12, 327, 195, 7, 326, 175, 127, 164, 69, 597, 238, 265, 284, 180, 202, 739, 127, 259, 258, 298, 692, 443, 451, 433, 248, 323, 276, 411, 432, 603, 150, 168, 82, 222, 238, 328, 410, 286, 655, 273, 432, 11, 546, 367, 82, 96, 56, 168, 77, 153, 25, 193, 685, 98]"
113,"[183, 393, 56, 423, 591, 405, 259, 56, 480, 211, 161, 132, 333, 13, 403, 651, 200, 480, 1, 403, 58, 323, 4, 403, 742, 302, 98, 321, 31, 7, 4, 845, 273, 845, 685, 193, 204, 28, 125, 294, 69, 483, 276, 443, 479, 208, 154, 300, 174, 252, 133, 28, 133, 301, 302, 302, 410, 248, 25, 151, 393, 367, 216, 289, 274, 508, 4, 282, 427, 98, 678, 137, 15, 742, 117, 385, 327, 121, 508, 566, 302, 385, 660, 259, 527, 275, 514, 188, 692, 150, 328, 403, 4, 194, 514, 238, 228, 161, 124, 603]"
793,"[64, 98, 200, 222, 496, 238, 651, 100, 144, 203, 269, 83, 660, 194, 13, 179, 393, 14, 655, 393, 218, 153, 135, 229, 684, 153, 4, 250, 268, 15, 8, 655, 22, 255, 180, 174, 250, 451, 275, 248, 89, 690, 475, 176, 23, 269, 181, 196, 69, 433, 197, 66, 268, 25, 50, 97, 180, 98, 435, 180, 99, 172, 180, 403, 199, 566, 496, 660, 197, 248, 419, 514, 628, 286, 7, 89, 597, 284, 385, 15, 133, 423, 172, 527, 125, 96, 175, 285, 284, 133, 14, 302, 191, 294, 237, 174, 183, 546, 234, 88]"
422,"[97, 164, 50, 203, 193, 546, 187, 96, 480, 9, 284, 546, 185, 367, 9, 255, 265, 181, 176, 58, 431, 222, 628, 77, 228, 427, 748, 82, 326, 147, 546, 302, 187, 111, 431, 367, 411, 97, 660, 228, 172, 193, 732, 71, 385, 175, 230, 480, 187, 88, 498, 28, 527, 298, 511, 111, 257, 25, 111, 748, 188, 181, 527, 96, 28, 523, 182, 226, 202, 483, 64, 692, 22, 289, 69, 328, 97, 172, 476, 603, 282, 259, 144, 274, 268, 58, 423, 134, 628, 678, 265, 411, 118, 690, 111, 275, 301, 7, 443, 319]"
658,"[186, 228, 318, 197, 685, 183, 546, 83, 215, 154, 322, 483, 50, 226, 419, 514, 227, 95, 411, 58, 385, 186, 79, 748, 172, 732, 423, 215, 182, 259, 237, 597, 202, 471, 651, 684, 748, 216, 427, 367, 431, 274, 685, 294, 89, 204, 294, 1, 161, 523, 58, 739, 419, 9, 250, 274, 433, 208, 410, 208, 597, 82, 597, 684, 191, 191, 603, 269, 432, 568, 185, 660, 326, 31, 628, 95, 180, 31, 597, 56, 56, 194, 222, 226, 323, 289, 274, 66, 230, 211, 685, 685, 651, 546, 69, 566, 475, 13, 56, 403]"
275,"[89, 523, 431, 179, 692, 88, 99, 127, 117, 185, 135, 82, 218, 515, 276, 742, 117, 250, 511, 433, 732, 419, 333, 238, 427, 298, 137, 527, 257, 235, 289, 597, 410, 443, 258, 181, 475, 684, 655, 508, 427, 24, 322, 4, 228, 235, 235, 476, 230, 193, 132, 1, 95, 31, 66, 732, 433, 193, 435, 402, 257, 175, 188, 845, 97, 257, 11, 690, 193, 527, 405, 275, 15, 285, 25, 218, 300, 431, 99, 175, 284, 147, 98, 174, 11, 202, 474, 216, 483, 294, 268, 268, 153, 327, 451, 216, 187, 237, 511, 1]"
337,"[96, 333, 125, 692, 255, 475, 31, 385, 227, 427, 161, 496, 435, 208, 66, 182, 137, 419, 100, 476, 294, 50, 202, 134, 188, 181, 227, 56, 168, 237, 58, 275, 427, 200, 732, 274, 66, 230, 651, 124, 333, 82, 322, 568, 215, 204, 591, 186, 186, 451, 188, 269, 14, 209, 451, 99, 197, 147, 237, 111, 690, 474, 300, 475, 137, 135, 655, 188, 118, 134, 210, 195, 475, 300, 845, 22, 678, 64, 660, 182, 182, 151, 182, 195, 197, 172, 582, 268, 226, 685, 435, 150, 183, 211, 208, 188, 451, 443, 259, 210]"
759,"[435, 475, 257, 161, 111, 172, 228, 153, 237, 71, 133, 367, 323, 655, 66, 393, 199, 591, 196, 211, 183, 240, 111, 191, 411, 479, 147, 550, 276, 176, 328, 255, 89, 153, 566, 96, 333, 276, 269, 523, 200, 582, 124, 127, 174, 419, 174, 690, 97, 474, 411, 692, 514, 591, 255, 127, 431, 845, 135, 692, 111, 268, 419, 423, 64, 274, 83, 410, 257, 732, 199, 194, 137, 7, 194, 125, 238, 660, 127, 282, 203, 628, 237, 845, 566, 173, 238, 69, 125, 273, 276, 179, 144, 684, 255, 326, 480, 393, 218, 228]"
703,"[215, 282, 229, 603, 234, 179, 196, 183, 582, 143, 95, 301, 24, 209, 451, 582, 56, 511, 258, 367, 7, 326, 588, 22, 294, 186, 660, 208, 367, 13, 226, 255, 193, 321, 172, 282, 99, 188, 294, 323, 660, 238, 143, 597, 474, 318, 137, 234, 187, 147, 435, 508, 628, 566, 200, 405, 137, 25, 685, 302, 82, 411, 588, 99, 83, 28, 164, 193, 300, 321, 56, 284, 111, 95, 24, 69, 176, 286, 121, 423, 327, 651, 268, 182, 289, 235, 176, 483, 164, 7, 367, 226, 79, 284, 209, 234, 471, 367, 82, 651]"
221,"[133, 200, 286, 475, 133, 215, 196, 475, 98, 479, 209, 181, 209, 269, 133, 237, 550, 255, 153, 1, 191, 28, 238, 9, 385, 333, 153, 176, 603, 218, 28, 367, 216, 515, 419, 15, 196, 79, 327, 1, 419, 655, 385, 259, 321, 431, 7, 288, 739, 144, 480, 187, 275, 732, 25, 475, 240, 151, 134, 298, 328, 250, 99, 480, 200, 259, 322, 31, 56, 134, 200, 176, 435, 58, 288, 732, 197, 185, 550, 523, 328, 385, 151, 147, 433, 655, 274, 443, 479, 168, 367, 319, 322, 432, 211, 651, 597, 235, 333, 321]"
24,"[385, 684, 323, 164, 550, 137, 240, 117, 183, 95, 154, 88, 228, 154, 300, 97, 7, 227, 739, 88, 194, 77, 71, 209, 176, 259, 419, 527, 227, 98, 628, 651, 14, 121, 322, 147, 127, 7, 690, 269, 327, 405, 566, 690, 298, 31, 168, 327, 660, 628, 742, 7, 276, 147, 248, 237, 283, 265, 118, 144, 265, 498, 480, 660, 203, 127, 168, 319, 319, 302, 56, 203, 240, 187, 174, 427, 215, 180, 393, 164, 410, 64, 230, 326, 651, 237, 550, 546, 199, 568, 180, 479, 100, 582, 275, 294, 284, 153, 566, 24]"
279,"[127, 98, 427, 22, 283, 133, 419, 188, 82, 8, 7, 13, 24, 153, 96, 13, 172, 685, 188, 22, 327, 100, 194, 628, 125, 514, 748, 222, 58, 175, 215, 4, 550, 684, 194, 234, 202, 692, 4, 591, 250, 208, 147, 70, 568, 748, 527, 193, 186, 196, 471, 135, 515, 692, 274, 69, 23, 550, 150, 14, 118, 403, 14, 96, 15, 202, 433, 245, 195, 4, 285, 208, 300, 479, 258, 748, 498, 13, 4, 215, 124, 258, 511, 134, 25, 227, 405, 134, 273, 289, 739, 357, 181, 514, 265, 202, 523, 252, 135, 248]"
452,"[480, 294, 1, 168, 132, 288, 321, 323, 216, 257, 268, 451, 298, 50, 475, 56, 327, 479, 480, 14, 11, 527, 118, 12, 31, 393, 12, 739, 393, 245, 4, 199, 193, 117, 474, 50, 393, 143, 690, 151, 286, 175, 210, 265, 191, 660, 124, 546, 248, 318, 432, 588, 496, 88, 8, 628, 176, 71, 403, 283, 185, 288, 56, 28, 98, 515, 187, 692, 82, 83, 118, 651, 443, 179, 690, 268, 475, 185, 227, 193, 245, 739, 284, 9, 180, 185, 269, 475, 475, 99, 195, 286, 58, 245, 476, 443, 419, 195, 732, 25]"
145,"[70, 111, 476, 13, 237, 202, 326, 191, 100, 443, 186, 326, 259, 591, 15, 302, 255, 14, 603, 174, 742, 319, 23, 227, 655, 124, 568, 56, 235, 132, 186, 12, 692, 137, 258, 238, 684, 283, 301, 12, 14, 161, 742, 367, 419, 732, 742, 186, 1, 77, 323, 284, 197, 197, 326, 294, 393, 234, 678, 326, 423, 99, 588, 133, 215, 435, 514, 28, 252, 431, 550, 326, 739, 118, 597, 1, 326, 300, 582, 173, 89, 227, 64, 685, 327, 88, 133, 326, 144, 443, 237, 133, 77, 289, 187, 435, 739, 50, 435, 318]"
468,"[326, 121, 523, 181, 203, 527, 591, 71, 191, 402, 433, 154, 476, 50, 288, 210, 692, 690, 153, 66, 276, 268, 25, 58, 255, 591, 208, 511, 182, 9, 328, 591, 628, 222, 226, 127, 527, 474, 692, 302, 100, 433, 300, 194, 286, 427, 651, 367, 66, 250, 283, 275, 274, 23, 269, 147, 98, 56, 432, 161, 326, 472, 603, 88, 685, 328, 357, 187, 96, 427, 12, 211, 99, 79, 685, 248, 25, 333, 566, 684, 182, 216, 427, 257, 301, 411, 690, 154, 479, 194, 410, 137, 82, 15, 144, 527, 508, 285, 8, 248]"
798,"[97, 191, 8, 127, 4, 403, 71, 748, 431, 508, 124, 161, 393, 257, 252, 183, 168, 88, 328, 527, 150, 393, 150, 739, 204, 218, 135, 230, 100, 286, 151, 161, 591, 432, 208, 748, 25, 402, 66, 523, 70, 97, 154, 210, 154, 227, 288, 164, 143, 403, 194, 137, 71, 286, 322, 258, 566, 423, 476, 144, 402, 208, 186, 742, 301, 197, 83, 79, 393, 226, 322, 732, 423, 237, 479, 410, 143, 77, 121, 133, 235, 161, 321, 204, 546, 187, 200, 479, 118, 546, 527, 294, 298, 222, 134, 88, 685, 432, 218, 328]"
919,"[393, 333, 591, 161, 185, 480, 582, 208, 175, 228, 433, 222, 203, 154, 250, 137, 8, 56, 181, 89, 71, 476, 197, 153, 685, 144, 137, 393, 175, 31, 479, 566, 70, 443, 28, 268, 411, 199, 582, 283, 134, 405, 403, 322, 179, 168, 230, 385, 591, 230, 186, 288, 498, 245, 23, 240, 237, 550, 31, 300, 546, 188, 523, 514, 432, 100, 100, 286, 419, 432, 451, 294, 200, 179, 134, 742, 77, 367, 515, 1, 164, 143, 98, 411, 385, 168, 423, 511, 208, 511, 591, 739, 133, 678, 210, 566, 326, 582, 182, 333]"
268,"[172, 23, 9, 196, 319, 204, 175, 197, 202, 11, 318, 203, 175, 323, 318, 9, 288, 496, 181, 660, 89, 28, 692, 367, 4, 259, 98, 228, 125, 410, 411, 433, 24, 15, 134, 31, 597, 229, 100, 257, 164, 197, 431, 245, 23, 269, 216, 203, 301, 289, 25, 483, 28, 582, 476, 511, 22, 523, 265, 215, 238, 202, 285, 550, 193, 77, 410, 301, 234, 226, 196, 185, 234, 99, 514, 319, 268, 186, 7, 480, 250, 23, 132, 69, 132, 187, 234, 285, 210, 402, 9, 147, 269, 419, 237, 284, 89, 14, 69, 66]"
514,"[588, 298, 546, 472, 451, 117, 684, 651, 180, 31, 275, 245, 527, 11, 321, 511, 321, 132, 257, 301, 71, 245, 732, 28, 4, 282, 523, 132, 28, 117, 179, 651, 258, 282, 628, 511, 597, 133, 690, 89, 660, 550, 357, 566, 153, 483, 210, 257, 410, 588, 125, 476, 111, 245, 230, 603, 125, 250, 405, 318, 12, 471, 227, 432, 9, 591, 275, 318, 124, 298, 181, 98, 692, 433, 187, 597, 655, 318, 483, 237, 283, 660, 269, 14, 319, 273, 183, 282, 546, 174, 9, 229, 69, 168, 88, 265, 275, 479, 82, 208]"
265,"[511, 240, 419, 326, 99, 144, 23, 218, 323, 286, 174, 546, 216, 202, 50, 229, 285, 597, 186, 168, 432, 432, 186, 423, 403, 568, 228, 265, 144, 210, 28, 179, 230, 660, 319, 588, 435, 367, 99, 95, 218, 322, 591, 168, 133, 588, 31, 179, 245, 432, 28, 31, 515, 161, 479, 385, 294, 274, 511, 202, 176, 79, 566, 8, 265, 179, 77, 99, 96, 660, 56, 209, 327, 367, 176, 508, 748, 248, 678, 195, 282, 164, 135, 153, 64, 186, 472, 403, 479, 96, 175, 300, 174, 82, 259, 690, 435, 77, 385, 326]"
633,"[100, 546, 269, 179, 98, 678, 546, 432, 227, 234, 628, 403, 252, 367, 285, 282, 471, 182, 79, 181, 423, 685, 228, 186, 411, 153, 228, 125, 514, 301, 523, 235, 23, 176, 268, 511, 100, 222, 690, 118, 357, 275, 603, 245, 245, 286, 208, 179, 121, 164, 187, 550, 183, 230, 403, 302, 191, 31, 385, 474, 474, 8, 276, 100, 240, 301, 628, 269, 240, 742, 514, 218, 423, 125, 690, 83, 433, 194, 252, 70, 154, 427, 274, 77, 150, 153, 527, 70, 427, 628, 405, 174, 12, 176, 202, 28, 118, 257, 97, 222]"
612,"[258, 153, 8, 11, 58, 284, 238, 218, 9, 172, 31, 603, 15, 181, 302, 218, 265, 692, 284, 187, 228, 230, 154, 137, 258, 655, 514, 89, 98, 25, 845, 99, 655, 568, 323, 739, 143, 284, 433, 357, 83, 245, 511, 143, 514, 147, 215, 82, 234, 742, 195, 25, 285, 222, 154, 196, 511, 471, 238, 323, 22, 240, 196, 168, 655, 151, 433, 393, 204, 275, 132, 154, 480, 125, 523, 591, 96, 180, 498, 550, 566, 1, 628, 208, 284, 66, 173, 294, 435, 88, 31, 195, 182, 97, 215, 684, 393, 79, 154, 550]"
287,"[250, 194, 31, 321, 651, 164, 50, 238, 143, 405, 328, 367, 22, 237, 323, 186, 99, 124, 435, 121, 568, 692, 684, 4, 226, 234, 692, 651, 289, 523, 83, 282, 328, 230, 7, 88, 98, 298, 135, 423, 222, 97, 172, 321, 367, 28, 227, 193, 228, 153, 187, 319, 98, 474, 7, 250, 285, 77, 323, 125, 164, 523, 268, 7, 472, 748, 125, 69, 367, 28, 255, 237, 603, 240, 83, 845, 31, 208, 209, 684, 25, 410, 127, 12, 228, 265, 298, 845, 11, 748, 180, 71, 258, 294, 508, 410, 13, 568, 111, 479]"
597,"[194, 25, 28, 187, 294, 333, 472, 479, 257, 234, 24, 1, 275, 194, 302, 9, 283, 25, 265, 298, 58, 238, 154, 197, 132, 319, 692, 684, 185, 153, 182, 31, 732, 515, 64, 83, 245, 71, 71, 127, 739, 660, 161, 172, 216, 23, 240, 82, 127, 100, 12, 98, 550, 508, 252, 153, 274, 684, 230, 96, 14, 410, 475, 99, 147, 137, 1, 591, 385, 196, 318, 125, 385, 132, 181, 196, 475, 405, 568, 237, 283, 748, 24, 603, 739, 180, 655, 137, 215, 175, 393, 845, 318, 179, 9, 164, 31, 367, 238, 678]"
738,"[203, 367, 410, 655, 227, 216, 12, 4, 14, 298, 181, 88, 15, 8, 651, 172, 195, 230, 143, 248, 8, 202, 66, 197, 301, 845, 216, 229, 326, 185, 195, 588, 248, 97, 180, 24, 479, 191, 300, 172, 685, 66, 289, 245, 204, 235, 328, 435, 227, 133, 182, 403, 257, 550, 566, 323, 845, 732, 15, 322, 14, 427, 690, 127, 328, 322, 250, 222, 268, 284, 179, 95, 651, 515, 7, 685, 83, 22, 393, 282, 237, 628, 655, 283, 319, 588, 286, 603, 405, 13, 182, 385, 196, 684, 550, 196, 678, 685, 248, 739]"
67,"[147, 367, 568, 285, 301, 284, 218, 597, 69, 172, 83, 298, 273, 227, 323, 411, 8, 4, 23, 227, 685, 77, 58, 443, 199, 191, 250, 274, 230, 690, 690, 321, 435, 748, 403, 161, 211, 480, 748, 692, 237, 651, 56, 283, 357, 286, 13, 385, 188, 154, 234, 121, 237, 288, 326, 230, 199, 566, 432, 248, 845, 257, 508, 56, 252, 582, 479, 121, 150, 588, 431, 328, 451, 286, 419, 403, 193, 8, 472, 127, 82, 8, 419, 196, 208, 276, 66, 56, 203, 95, 283, 282, 77, 208, 248, 98, 8, 288, 182, 179]"
118,"[255, 187, 275, 483, 13, 229, 180, 182, 259, 472, 31, 58, 64, 432, 204, 132, 15, 144, 144, 77, 182, 588, 326, 739, 300, 208, 443, 15, 451, 274, 286, 322, 31, 56, 172, 410, 227, 483, 301, 143, 70, 127, 209, 597, 302, 168, 285, 250, 215, 603, 121, 845, 288, 208, 1, 228, 185, 99, 402, 286, 318, 433, 411, 298, 690, 127, 95, 405, 319, 333, 22, 161, 121, 215, 222, 403, 235, 742, 298, 151, 300, 603, 154, 298, 660, 238, 228, 209, 690, 228, 333, 186, 511, 411, 288, 15, 173, 9, 273, 218]"
671,"[150, 31, 215, 327, 692, 71, 479, 655, 186, 151, 13, 209, 655, 678, 211, 4, 137, 164, 259, 472, 273, 684, 211, 194, 235, 31, 268, 88, 660, 95, 187, 97, 476, 89, 451, 1, 118, 475, 23, 403, 24, 265, 427, 134, 660, 748, 318, 432, 173, 118, 268, 252, 357, 274, 117, 173, 245, 319, 187, 515, 257, 597, 186, 96, 127, 121, 88, 64, 357, 70, 483, 7, 22, 218, 70, 257, 419, 301, 515, 283, 323, 135, 117, 692, 419, 588, 124, 301, 319, 69, 69, 451, 137, 199, 660, 238, 514, 12, 286, 22]"
943,"[22, 111, 143, 275, 191, 435, 660, 173, 172, 385, 402, 319, 498, 79, 14, 188, 471, 127, 133, 121, 187, 546, 274, 79, 132, 588, 181, 423, 229, 326, 250, 89, 480, 234, 230, 124, 597, 302, 273, 88, 245, 511, 124, 12, 515, 268, 732, 1, 259, 135, 591, 187, 498, 99, 230, 50, 286, 285, 275, 125, 480, 628, 284, 97, 218, 582, 237, 692, 154, 137, 71, 227, 748, 191, 79, 603, 229, 472, 132, 742, 22, 197, 483, 498, 134, 229, 432, 215, 748, 274, 684, 208, 12, 199, 188, 550, 480, 82, 732, 411]"
490,"[137, 318, 100, 204, 230, 222, 143, 69, 132, 202, 252, 323, 200, 13, 79, 132, 98, 153, 483, 77, 28, 99, 150, 268, 89, 546, 323, 318, 227, 255, 321, 732, 275, 88, 419, 25, 237, 660, 566, 95, 82, 203, 480, 402, 183, 58, 566, 71, 143, 98, 227, 433, 238, 179, 12, 89, 393, 514, 289, 655, 196, 252, 240, 476, 597, 28, 199, 443, 684, 257, 161, 196, 410, 154, 97, 176, 28, 328, 100, 405, 79, 739, 318, 739, 603, 228, 23, 216, 99, 357, 70, 216, 13, 28, 327, 88, 77, 508, 301, 71]"
195,"[235, 175, 228, 168, 435, 187, 527, 472, 193, 514, 194, 56, 1, 100, 511, 318, 318, 245, 476, 240, 83, 410, 479, 180, 227, 568, 125, 739, 215, 318, 226, 176, 24, 97, 168, 480, 479, 144, 411, 199, 748, 97, 11, 403, 628, 692, 410, 385, 22, 385, 327, 651, 144, 523, 742, 218, 64, 300, 651, 678, 274, 127, 367, 188, 597, 410, 321, 174, 70, 97, 276, 300, 15, 143, 173, 13, 471, 70, 203, 204, 496, 739, 742, 285, 127, 188, 69, 96, 97, 284, 300, 289, 435, 475, 24, 216, 28, 194, 328, 514]"
35,"[153, 367, 515, 111, 23, 248, 403, 568, 70, 319, 89, 690, 216, 229, 31, 70, 172, 125, 100, 31, 508, 197, 273, 471, 193, 133, 252, 96, 690, 628, 22, 845, 282, 357, 566, 514, 204, 250, 660, 588, 511, 196, 183, 28, 77, 96, 692, 328, 321, 423, 258, 211, 289, 153, 294, 294, 411, 200, 357, 410, 187, 89, 66, 245, 200, 597, 12, 118, 692, 70, 133, 238, 24, 132, 480, 403, 89, 144, 193, 742, 274, 64, 427, 229, 196, 257, 194, 357, 257, 472, 227, 28, 582, 227, 144, 71, 515, 655, 276, 218]"
693,"[71, 328, 328, 591, 50, 597, 58, 385, 240, 550, 275, 294, 265, 161, 22, 322, 496, 321, 732, 187, 7, 508, 385, 194, 56, 474, 125, 410, 154, 226, 739, 25, 333, 410, 402, 433, 23, 8, 203, 228, 13, 97, 202, 514, 153, 367, 230, 204, 739, 402, 66, 132, 259, 275, 88, 257, 514, 258, 187, 176, 180, 143, 845, 226, 451, 285, 301, 678, 692, 431, 83, 89, 514, 257, 405, 294, 179, 357, 144, 289, 183, 77, 174, 193, 58, 124, 226, 302, 124, 1, 200, 202, 11, 515, 286, 655, 568, 71, 321, 168]"
779,"[69, 508, 550, 472, 185, 208, 82, 402, 208, 150, 566, 186, 588, 208, 50, 328, 483, 99, 514, 479, 79, 24, 479, 164, 475, 200, 82, 99, 385, 174, 511, 603, 111, 185, 173, 79, 28, 117, 474, 66, 322, 226, 433, 275, 282, 8, 144, 230, 161, 124, 134, 479, 265, 24, 678, 227, 475, 684, 603, 151, 250, 479, 405, 195, 274, 550, 182, 14, 9, 13, 172, 692, 257, 739, 323, 300, 216, 443, 183, 229, 13, 97, 14, 692, 144, 82, 333, 135, 215, 237, 411, 1, 79, 410, 227, 69, 28, 82, 196, 168]"
207,"[82, 24, 268, 191, 566, 318, 66, 209, 357, 588, 31, 197, 127, 660, 200, 393, 276, 118, 273, 357, 496, 678, 89, 410, 77, 284, 431, 230, 7, 496, 678, 286, 58, 367, 268, 4, 227, 180, 164, 173, 238, 432, 286, 191, 23, 692, 479, 7, 685, 483, 132, 69, 546, 259, 154, 475, 124, 550, 187, 300, 678, 161, 238, 248, 191, 100, 188, 22, 69, 322, 265, 298, 419, 739, 475, 187, 742, 268, 11, 431, 96, 121, 255, 326, 498, 174, 288, 322, 326, 367, 117, 89, 597, 183, 327, 274, 546, 183, 179, 8]"
233,"[25, 328, 227, 410, 269, 402, 9, 248, 22, 121, 77, 333, 4, 13, 268, 282, 56, 168, 321, 508, 471, 204, 269, 300, 527, 255, 202, 11, 164, 185, 125, 405, 100, 410, 234, 70, 739, 393, 95, 230, 410, 124, 255, 252, 742, 79, 326, 64, 194, 154, 64, 147, 327, 302, 252, 209, 411, 209, 474, 186, 172, 143, 274, 402, 195, 188, 151, 8, 216, 393, 137, 208, 476, 678, 229, 79, 208, 257, 7, 288, 300, 321, 427, 153, 22, 403, 66, 199, 411, 427, 588, 480, 111, 111, 97, 511, 168, 300, 22, 322]"
172,"[180, 99, 127, 172, 328, 432, 161, 98, 183, 132, 403, 692, 14, 95, 1, 133, 483, 323, 265, 527, 678, 319, 22, 174, 660, 134, 678, 323, 427, 144, 508, 258, 203, 523, 229, 333, 423, 22, 385, 118, 333, 193, 127, 322, 79, 472, 194, 276, 265, 300, 327, 275, 234, 483, 144, 326, 216, 175, 692, 182, 411, 127, 269, 546, 475, 226, 9, 111, 161, 276, 475, 582, 476, 685, 226, 235, 566, 50, 259, 194, 180, 204, 515, 143, 4, 125, 451, 147, 100, 96, 845, 427, 173, 318, 23, 323, 228, 479, 660, 15]"
691,"[77, 732, 474, 238, 71, 255, 204, 11, 435, 210, 546, 479, 226, 385, 410, 15, 568, 194, 367, 11, 210, 23, 690, 1, 193, 151, 179, 179, 132, 100, 71, 258, 216, 433, 99, 175, 479, 209, 204, 289, 568, 597, 692, 298, 235, 121, 684, 300, 229, 419, 432, 13, 248, 117, 151, 284, 282, 71, 597, 133, 479, 742, 323, 118, 168, 405, 14, 286, 175, 183, 651, 203, 257, 182, 433, 127, 546, 161, 209, 127, 88, 199, 97, 15, 202, 285, 248, 176, 83, 319, 199, 432, 265, 393, 508, 215, 476, 471, 12, 172]"
152,"[300, 527, 153, 111, 69, 24, 143, 748, 176, 252, 483, 31, 95, 282, 211, 211, 268, 66, 514, 228, 12, 248, 211, 50, 692, 678, 4, 508, 144, 546, 288, 546, 180, 285, 255, 550, 527, 200, 187, 137, 566, 302, 427, 187, 15, 393, 568, 480, 50, 25, 200, 410, 22, 210, 83, 127, 405, 234, 660, 248, 12, 238, 514, 475, 322, 259, 476, 301, 248, 79, 175, 97, 550, 402, 164, 255, 83, 742, 143, 218, 208, 432, 226, 474, 432, 739, 8, 147, 479, 451, 403, 323, 393, 77, 289, 282, 685, 405, 402, 161]"
5,"[124, 257, 550, 250, 135, 22, 322, 234, 28, 194, 508, 258, 188, 435, 202, 222, 235, 70, 95, 289, 199, 282, 218, 451, 134, 435, 748, 474, 14, 71, 12, 222, 118, 282, 523, 423, 276, 550, 274, 11, 514, 732, 275, 235, 168, 144, 845, 132, 628, 117, 194, 240, 259, 227, 273, 144, 11, 245, 845, 357, 98, 628, 82, 176, 208, 121, 97, 748, 183, 77, 451, 328, 70, 218, 238, 432, 427, 298, 174, 28, 748, 515, 194, 9, 203, 71, 1, 655, 95, 95, 117, 24, 471, 9, 31, 211, 95, 476, 181, 88]"
92,"[179, 410, 238, 692, 471, 11, 196, 117, 237, 31, 479, 79, 24, 64, 732, 471, 327, 186, 15, 203, 154, 183, 301, 328, 230, 195, 82, 134, 252, 265, 323, 411, 186, 133, 31, 294, 603, 245, 603, 179, 135, 143, 88, 209, 289, 66, 14, 357, 286, 655, 211, 514, 603, 268, 172, 100, 14, 660, 9, 202, 690, 282, 660, 651, 1, 298, 58, 143, 187, 144, 692, 238, 684, 89, 193, 660, 31, 13, 496, 15, 742, 323, 98, 124, 111, 328, 732, 117, 31, 25, 739, 411, 515, 179, 25, 321, 143, 89, 318, 172]"
593,"[265, 168, 77, 222, 202, 322, 301, 255, 451, 318, 111, 690, 203, 435, 144, 97, 79, 268, 732, 405, 496, 229, 185, 427, 194, 289, 191, 111, 328, 202, 209, 15, 259, 235, 259, 200, 58, 508, 121, 252, 154, 15, 393, 286, 218, 9, 222, 227, 238, 118, 174, 603, 282, 685, 14, 64, 591, 88, 435, 125, 151, 508, 229, 180, 238, 471, 211, 432, 222, 234, 328, 133, 690, 227, 411, 250, 95, 179, 161, 179, 13, 237, 58, 845, 187, 742, 228, 50, 591, 188, 82, 282, 431, 393, 546, 568, 222, 523, 31, 322]"
307,"[302, 393, 582, 692, 56, 98, 597, 451, 433, 435, 28, 286, 172, 298, 215, 684, 176, 252, 319, 185, 300, 302, 202, 480, 523, 194, 515, 185, 423, 318, 8, 566, 435, 483, 628, 410, 427, 196, 181, 144, 427, 168, 475, 476, 147, 121, 118, 182, 95, 475, 284, 318, 402, 79, 435, 443, 385, 479, 367, 742, 193, 143, 173, 393, 515, 411, 95, 514, 286, 419, 302, 77, 655, 187, 357, 14, 15, 23, 216, 215, 685, 393, 144, 83, 1, 546, 143, 69, 238, 164, 176, 98, 550, 13, 273, 321, 405, 144, 135, 651]"
300,"[433, 385, 603, 514, 451, 515, 845, 96, 318, 419, 215, 326, 302, 22, 268, 357, 186, 443, 527, 471, 250, 203, 284, 124, 403, 472, 1, 204, 188, 419, 405, 14, 23, 191, 230, 275, 655, 111, 692, 97, 97, 176, 183, 71, 427, 479, 298, 82, 289, 222, 238, 100, 258, 82, 286, 326, 56, 9, 301, 742, 255, 678, 660, 98, 183, 252, 174, 56, 172, 333, 603, 137, 603, 480, 195, 70, 66, 333, 393, 121, 89, 229, 1, 269, 748, 228, 393, 276, 483, 89, 742, 283, 655, 333, 326, 237, 230, 275, 402, 302]"
398,"[476, 603, 435, 9, 89, 125, 172, 301, 748, 603, 229, 328, 95, 289, 182, 89, 319, 328, 283, 28, 197, 12, 327, 234, 174, 11, 230, 200, 385, 153, 64, 143, 185, 403, 151, 496, 204, 185, 118, 230, 99, 153, 410, 143, 133, 70, 294, 431, 255, 199, 100, 97, 328, 66, 405, 203, 134, 175, 431, 144, 238, 144, 333, 185, 195, 732, 597, 660, 257, 164, 13, 185, 357, 546, 591, 143, 286, 15, 218, 99, 183, 432, 71, 218, 1, 22, 286, 527, 228, 435, 125, 8, 742, 215, 204, 321, 255, 276, 69, 237]"
760,"[276, 193, 393, 77, 23, 13, 582, 321, 276, 432, 678, 566, 319, 265, 204, 411, 197, 125, 238, 274, 183, 527, 257, 443, 483, 98, 118, 357, 410, 319, 845, 66, 208, 135, 186, 215, 89, 739, 133, 402, 195, 479, 127, 402, 568, 187, 13, 845, 218, 300, 289, 194, 173, 319, 79, 748, 176, 70, 151, 274, 328, 245, 132, 248, 514, 117, 154, 12, 684, 183, 269, 301, 144, 685, 276, 197, 685, 328, 333, 235, 222, 405, 288, 147, 174, 66, 288, 393, 690, 591, 89, 294, 97, 79, 185, 845, 385, 238, 514, 124]"
319,"[479, 1, 186, 845, 628, 511, 298, 546, 432, 255, 13, 25, 742, 124, 215, 132, 472, 154, 66, 273, 134, 471, 483, 133, 257, 193, 185, 479, 144, 28, 222, 475, 322, 274, 250, 188, 229, 234, 327, 199, 238, 301, 393, 216, 188, 684, 655, 748, 433, 582, 739, 71, 265, 275, 187, 431, 9, 479, 273, 591, 269, 7, 66, 255, 300, 187, 496, 471, 12, 546, 748, 258, 186, 196, 175, 318, 7, 204, 480, 208, 179, 202, 274, 24, 188, 185, 193, 480, 147, 321, 431, 302, 71, 258, 79, 298, 515, 483, 193, 245]"
837,"[435, 4, 419, 411, 427, 181, 230, 234, 403, 443, 70, 255, 228, 135, 28, 211, 209, 475, 282, 259, 476, 301, 77, 367, 402, 151, 202, 23, 550, 283, 319, 301, 476, 200, 748, 183, 226, 121, 154, 185, 24, 127, 203, 258, 134, 393, 393, 651, 187, 181, 154, 237, 591, 228, 515, 230, 480, 250, 283, 134, 276, 199, 215, 153, 125, 240, 318, 275, 298, 423, 1, 427, 230, 651, 471, 132, 402, 732, 22, 511, 591, 660, 79, 845, 276, 257, 258, 258, 475, 289, 12, 288, 319, 471, 147, 203, 210, 276, 70, 393]"
694,"[588, 257, 252, 327, 79, 328, 56, 685, 259, 732, 234, 203, 124, 124, 282, 402, 28, 230, 235, 301, 197, 483, 8, 210, 179, 433, 367, 238, 628, 222, 196, 173, 385, 31, 191, 180, 527, 153, 268, 124, 597, 134, 257, 684, 550, 7, 393, 204, 77, 301, 582, 410, 471, 4, 188, 245, 322, 151, 692, 147, 276, 208, 684, 202, 173, 275, 367, 402, 25, 133, 483, 227, 403, 651, 83, 208, 252, 28, 175, 483, 28, 222, 692, 182, 183, 405, 527, 327, 70, 692, 197, 245, 684, 284, 367, 240, 568, 265, 498, 111]"
634,"[28, 164, 196, 300, 235, 179, 153, 319, 269, 298, 732, 333, 275, 483, 300, 124, 195, 118, 475, 195, 28, 328, 651, 333, 269, 202, 208, 118, 433, 13, 13, 210, 229, 284, 14, 185, 471, 285, 227, 154, 203, 431, 845, 14, 204, 111, 77, 432, 393, 258, 199, 255, 22, 514, 12, 435, 172, 322, 1, 508, 83, 204, 134, 283, 1, 25, 137, 255, 685, 100, 83, 25, 99, 435, 523, 195, 660, 651, 283, 197, 411, 274, 411, 193, 431, 393, 204, 298, 176, 134, 88, 515, 321, 845, 150, 191, 250, 327, 660, 276]"
63,"[274, 322, 282, 127, 186, 255, 514, 13, 240, 318, 301, 183, 403, 385, 582, 443, 172, 628, 216, 327, 124, 218, 83, 748, 685, 285, 172, 125, 228, 144, 182, 7, 210, 28, 186, 471, 227, 248, 288, 150, 410, 175, 498, 71, 77, 474, 204, 302, 172, 323, 432, 174, 319, 367, 118, 283, 483, 95, 427, 134, 200, 472, 197, 118, 185, 215, 227, 99, 127, 100, 134, 443, 245, 208, 211, 651, 118, 202, 276, 209, 328, 186, 182, 283, 286, 443, 147, 150, 286, 211, 229, 597, 180, 282, 385, 603, 203, 318, 742, 550]"
839,"[230, 227, 96, 12, 64, 150, 235, 282, 275, 191, 88, 655, 188, 258, 70, 511, 474, 70, 410, 228, 435, 77, 7, 77, 628, 480, 319, 357, 77, 125, 259, 96, 748, 186, 185, 31, 202, 328, 195, 357, 143, 133, 385, 182, 546, 748, 187, 298, 419, 187, 82, 186, 294, 23, 172, 333, 566, 83, 300, 172, 282, 71, 56, 195, 258, 651, 845, 483, 193, 4, 252, 88, 154, 483, 255, 164, 628, 582, 245, 423, 433, 258, 357, 58, 237, 124, 451, 660, 511, 151, 181, 185, 237, 147, 118, 685, 326, 151, 471, 603]"
286,"[742, 195, 496, 690, 31, 238, 199, 273, 405, 204, 172, 300, 12, 208, 56, 566, 323, 597, 187, 321, 684, 655, 286, 7, 144, 13, 479, 147, 432, 238, 134, 678, 651, 684, 7, 143, 191, 83, 14, 98, 151, 357, 196, 566, 176, 185, 193, 58, 515, 511, 180, 151, 64, 134, 480, 179, 508, 172, 237, 121, 9, 71, 31, 69, 179, 322, 99, 432, 215, 174, 597, 259, 480, 496, 208, 732, 275, 692, 300, 151, 185, 474, 164, 257, 322, 174, 118, 508, 660, 748, 655, 164, 200, 147, 252, 472, 135, 742, 83, 443]"
684,"[318, 435, 323, 12, 176, 298, 77, 274, 12, 597, 402, 692, 286, 208, 255, 582, 274, 100, 98, 265, 200, 591, 88, 147, 200, 228, 289, 651, 508, 742, 188, 168, 196, 186, 433, 1, 82, 235, 70, 269, 7, 229, 582, 193, 9, 23, 252, 294, 285, 257, 321, 203, 288, 427, 367, 496, 100, 475, 7, 480, 514, 121, 23, 82, 252, 265, 283, 100, 24, 327, 431, 118, 591, 298, 23, 496, 89, 498, 651, 182, 79, 245, 283, 13, 174, 229, 12, 173, 302, 294, 208, 151, 125, 286, 471, 229, 692, 284, 99, 286]"
102,"[692, 283, 135, 23, 12, 111, 250, 211, 275, 276, 282, 154, 97, 566, 286, 255, 154, 474, 238, 276, 135, 582, 298, 471, 328, 405, 99, 58, 161, 98, 550, 431, 208, 411, 435, 229, 410, 174, 11, 96, 200, 257, 22, 88, 385, 443, 367, 97, 321, 257, 70, 282, 151, 234, 134, 240, 12, 151, 435, 692, 64, 111, 328, 118, 111, 133, 28, 282, 357, 183, 234, 174, 284, 222, 196, 591, 655, 294, 143, 498, 186, 154, 204, 550, 121, 70, 546, 480, 603, 25, 118, 684, 194, 11, 327, 196, 134, 58, 582, 285]"
364,"[143, 282, 655, 248, 285, 302, 474, 227, 385, 294, 257, 546, 181, 245, 194, 496, 147, 95, 124, 195, 227, 257, 471, 89, 301, 319, 79, 125, 300, 89, 1, 4, 154, 240, 515, 185, 474, 28, 228, 24, 298, 124, 181, 628, 357, 121, 651, 222, 127, 660, 321, 227, 195, 275, 282, 64, 13, 690, 191, 174, 186, 199, 199, 385, 56, 603, 286, 237, 89, 496, 685, 294, 678, 258, 218, 154, 496, 175, 402, 393, 79, 23, 651, 200, 285, 137, 285, 174, 527, 96, 64, 255, 252, 121, 193, 117, 275, 235, 150, 269]"
477,"[11, 132, 739, 298, 435, 88, 483, 204, 69, 514, 89, 179, 240, 268, 28, 328, 285, 451, 268, 111, 111, 410, 204, 282, 56, 56, 258, 472, 238, 188, 66, 89, 690, 176, 180, 283, 71, 597, 496, 82, 433, 732, 508, 265, 566, 443, 660, 427, 227, 58, 288, 259, 70, 64, 150, 179, 202, 282, 523, 410, 77, 28, 472, 515, 9, 199, 568, 215, 71, 274, 411, 546, 684, 164, 196, 71, 227, 603, 89, 228, 100, 226, 179, 250, 31, 259, 11, 151, 286, 508, 692, 432, 285, 56, 603, 185, 628, 183, 24, 77]"
382,"[472, 250, 328, 64, 739, 550, 89, 385, 185, 238, 326, 238, 22, 69, 168, 125, 588, 237, 204, 215, 83, 496, 678, 283, 70, 79, 117, 95, 200, 56, 294, 144, 419, 203, 273, 4, 197, 25, 423, 71, 322, 274, 483, 432, 23, 318, 357, 255, 191, 546, 176, 285, 228, 603, 8, 98, 333, 252, 367, 274, 498, 50, 298, 294, 50, 69, 511, 327, 515, 432, 248, 151, 327, 173, 321, 410, 411, 739, 182, 227, 294, 4, 195, 161, 215, 210, 432, 88, 319, 451, 196, 385, 514, 117, 154, 319, 328, 144, 385, 427]"
715,"[546, 474, 56, 259, 79, 125, 739, 255, 286, 588, 660, 419, 257, 514, 514, 64, 582, 95, 135, 144, 678, 124, 118, 117, 238, 294, 89, 739, 22, 153, 64, 472, 182, 269, 419, 77, 748, 1, 175, 405, 328, 143, 144, 508, 471, 209, 257, 476, 321, 322, 69, 323, 137, 230, 245, 111, 431, 95, 443, 215, 294, 328, 226, 218, 476, 527, 4, 124, 258, 196, 255, 403, 211, 367, 273, 269, 248, 4, 476, 111, 410, 245, 511, 265, 196, 154, 443, 98, 209, 427, 83, 211, 230, 474, 77, 411, 172, 208, 144, 496]"
912,"[276, 328, 31, 151, 69, 176, 258, 419, 230, 88, 288, 22, 479, 12, 405, 411, 284, 194, 483, 385, 276, 289, 742, 651, 64, 514, 196, 474, 742, 99, 435, 64, 582, 132, 432, 496, 132, 265, 133, 660, 179, 655, 403, 655, 172, 235, 301, 222, 187, 268, 7, 88, 176, 300, 451, 117, 8, 144, 508, 99, 31, 433, 318, 226, 419, 527, 245, 582, 218, 235, 496, 523, 248, 235, 173, 480, 182, 732, 187, 31, 660, 147, 742, 222, 11, 56, 195, 274, 402, 285, 8, 151, 588, 226, 175, 410, 328, 111, 143, 125]"
770,"[143, 678, 597, 327, 515, 294, 14, 181, 25, 100, 215, 28, 191, 732, 496, 692, 135, 124, 77, 283, 283, 423, 11, 12, 71, 182, 172, 50, 240, 218, 471, 111, 83, 7, 172, 479, 218, 628, 435, 209, 252, 283, 298, 180, 284, 226, 182, 111, 25, 302, 211, 197, 273, 402, 431, 8, 196, 71, 151, 13, 77, 651, 180, 283, 89, 100, 66, 208, 323, 237, 4, 164, 99, 427, 151, 203, 9, 367, 89, 132, 285, 252, 248, 203, 175, 327, 179, 435, 432, 367, 275, 132, 1, 393, 161, 97, 174, 419, 226, 282]"
43,"[210, 9, 321, 228, 419, 739, 298, 226, 50, 265, 111, 523, 515, 173, 255, 511, 172, 50, 134, 294, 229, 258, 209, 147, 527, 588, 183, 118, 403, 284, 4, 285, 322, 185, 685, 204, 173, 183, 546, 98, 4, 327, 176, 690, 15, 143, 496, 144, 50, 660, 82, 410, 164, 11, 124, 31, 175, 154, 678, 188, 471, 845, 423, 475, 568, 83, 13, 134, 133, 202, 685, 230, 69, 174, 273, 210, 230, 204, 143, 13, 222, 185, 294, 70, 588, 732, 328, 218, 70, 111, 275, 175, 12, 222, 181, 326, 98, 228, 235, 188]"
472,"[127, 443, 230, 423, 71, 685, 9, 582, 15, 173, 628, 135, 175, 480, 23, 168, 82, 180, 194, 66, 685, 194, 147, 151, 216, 13, 168, 302, 15, 69, 12, 275, 117, 685, 275, 405, 480, 186, 238, 204, 411, 514, 240, 591, 367, 276, 403, 173, 472, 194, 210, 182, 161, 474, 99, 208, 204, 172, 187, 238, 432, 15, 203, 433, 197, 4, 121, 527, 66, 323, 328, 660, 690, 12, 357, 79, 431, 204, 235, 211, 97, 1, 15, 118, 56, 252, 248, 511, 690, 284, 651, 209, 258, 284, 9, 174, 56, 321, 121, 294]"
777,"[144, 151, 739, 191, 111, 285, 302, 367, 200, 588, 591, 12, 100, 14, 70, 514, 269, 200, 168, 282, 13, 496, 238, 597, 124, 1, 423, 117, 69, 195, 367, 4, 25, 248, 70, 147, 301, 475, 28, 95, 154, 12, 732, 259, 514, 294, 197, 433, 88, 71, 175, 269, 566, 196, 318, 265, 154, 11, 202, 248, 411, 333, 238, 230, 651, 250, 228, 250, 742, 742, 678, 13, 684, 196, 147, 117, 475, 181, 197, 12, 204, 180, 118, 471, 431, 50, 471, 69, 257, 89, 50, 651, 690, 132, 117, 71, 319, 603, 411, 203]"
802,"[147, 268, 188, 288, 276, 283, 100, 83, 367, 321, 211, 235, 172, 257, 15, 250, 79, 274, 77, 180, 9, 133, 13, 125, 215, 284, 64, 302, 151, 432, 127, 227, 210, 234, 23, 143, 269, 568, 367, 199, 259, 193, 210, 276, 14, 568, 64, 176, 22, 172, 496, 228, 118, 273, 98, 24, 690, 274, 174, 25, 433, 651, 451, 678, 150, 181, 476, 234, 95, 282, 294, 483, 218, 174, 118, 153, 230, 431, 276, 357, 230, 95, 135, 433, 14, 322, 135, 95, 229, 8, 100, 591, 188, 180, 97, 12, 479, 180, 203, 742]"
661,"[133, 498, 476, 1, 300, 13, 273, 203, 147, 95, 222, 215, 282, 12, 13, 182, 248, 451, 498, 496, 7, 197, 269, 83, 511, 472, 183, 211, 95, 117, 319, 479, 211, 432, 64, 209, 443, 187, 258, 275, 117, 195, 71, 402, 511, 77, 196, 480, 226, 135, 327, 411, 322, 179, 367, 133, 15, 161, 174, 13, 135, 82, 89, 188, 9, 118, 174, 211, 161, 172, 285, 284, 183, 566, 739, 56, 147, 423, 69, 88, 186, 23, 405, 124, 182, 227, 82, 79, 144, 385, 118, 66, 144, 180, 69, 255, 240, 546, 479, 183]"
886,"[150, 432, 143, 255, 423, 227, 83, 685, 265, 475, 203, 443, 24, 628, 660, 117, 451, 143, 259, 275, 134, 732, 257, 546, 357, 31, 133, 732, 175, 300, 328, 597, 568, 227, 135, 203, 209, 172, 282, 508, 204, 285, 172, 546, 79, 431, 191, 411, 385, 405, 222, 7, 318, 690, 82, 274, 172, 133, 514, 357, 127, 410, 228, 153, 154, 143, 385, 229, 227, 288, 435, 195, 235, 479, 79, 161, 229, 227, 678, 99, 655, 423, 515, 1, 161, 318, 742, 172, 451, 15, 550, 179, 410, 508, 31, 483, 276, 97, 845, 385]"
200,"[432, 514, 176, 199, 435, 175, 202, 385, 302, 117, 245, 483, 410, 121, 240, 419, 154, 175, 227, 127, 15, 22, 1, 274, 300, 289, 124, 235, 99, 197, 164, 164, 298, 218, 591, 187, 211, 269, 286, 431, 210, 432, 12, 475, 168, 286, 193, 203, 546, 252, 269, 550, 660, 31, 118, 684, 568, 11, 99, 23, 12, 97, 591, 151, 77, 845, 134, 77, 135, 427, 179, 333, 285, 748, 269, 245, 514, 302, 12, 250, 385, 255, 172, 69, 692, 265, 475, 58, 79, 203, 1, 210, 183, 257, 273, 328, 273, 523, 4, 496]"
496,"[154, 739, 739, 472, 550, 56, 301, 301, 173, 215, 124, 7, 318, 211, 79, 186, 323, 164, 479, 289, 284, 98, 250, 4, 496, 188, 427, 56, 402, 230, 582, 732, 591, 137, 176, 210, 183, 188, 70, 71, 96, 127, 134, 328, 300, 476, 432, 237, 89, 66, 321, 288, 284, 423, 132, 732, 195, 96, 222, 199, 472, 216, 23, 284, 255, 252, 12, 82, 175, 227, 283, 23, 511, 323, 226, 135, 210, 31, 228, 845, 273, 527, 28, 403, 83, 4, 603, 95, 191, 77, 193, 475, 433, 203, 250, 357, 685, 333, 268, 235]"
725,"[95, 268, 660, 431, 173, 200, 739, 151, 527, 367, 79, 275, 234, 83, 410, 258, 9, 151, 265, 321, 845, 150, 692, 431, 268, 154, 690, 367, 403, 283, 161, 8, 566, 285, 411, 655, 70, 79, 302, 31, 186, 298, 300, 127, 196, 71, 218, 209, 211, 28, 252, 514, 24, 742, 300, 385, 258, 476, 9, 15, 7, 319, 323, 64, 328, 7, 550, 597, 511, 238, 323, 179, 328, 591, 144, 433, 7, 269, 603, 234, 191, 660, 24, 302, 118, 124, 845, 216, 88, 411, 327, 118, 328, 546, 411, 300, 173, 226, 323, 419]"
711,"[124, 14, 71, 15, 77, 690, 252, 193, 70, 235, 153, 14, 423, 226, 12, 286, 286, 692, 323, 294, 187, 435, 302, 97, 1, 180, 269, 176, 321, 732, 508, 180, 443, 235, 269, 180, 132, 480, 568, 393, 273, 322, 475, 227, 127, 98, 23, 423, 216, 483, 121, 588, 496, 546, 479, 298, 282, 240, 471, 50, 597, 181, 300, 480, 58, 393, 195, 432, 9, 588, 197, 154, 294, 70, 14, 64, 323, 651, 153, 134, 411, 154, 79, 133, 135, 137, 283, 476, 98, 597, 182, 238, 245, 323, 204, 183, 259, 111, 13, 209]"
761,"[174, 275, 230, 269, 216, 175, 89, 655, 187, 431, 183, 451, 546, 322, 69, 742, 182, 179, 321, 410, 367, 200, 252, 197, 286, 28, 172, 121, 318, 79, 208, 628, 22, 203, 234, 89, 546, 739, 227, 333, 566, 258, 591, 66, 511, 194, 419, 498, 294, 118, 300, 64, 690, 95, 367, 111, 24, 137, 411, 302, 11, 435, 479, 845, 24, 154, 127, 161, 250, 97, 153, 143, 427, 319, 186, 151, 82, 185, 15, 628, 179, 174, 603, 258, 183, 403, 202, 182, 11, 322, 234, 194, 265, 515, 195, 403, 50, 229, 121, 357]"
453,"[228, 259, 194, 660, 566, 685, 143, 180, 70, 252, 97, 12, 238, 298, 845, 200, 427, 187, 226, 237, 99, 194, 150, 496, 294, 133, 147, 411, 127, 197, 685, 14, 498, 143, 180, 319, 685, 255, 273, 50, 13, 479, 496, 476, 173, 568, 14, 180, 265, 197, 298, 96, 88, 11, 164, 268, 71, 168, 227, 117, 393, 88, 298, 227, 25, 83, 248, 79, 268, 227, 58, 11, 194, 319, 121, 209, 193, 186, 196, 228, 285, 215, 496, 276, 66, 97, 182, 276, 435, 13, 259, 58, 69, 479, 357, 15, 197, 431, 22, 283]"
554,"[111, 483, 402, 150, 403, 248, 144, 127, 474, 475, 150, 568, 89, 250, 405, 188, 258, 134, 195, 118, 323, 285, 431, 50, 655, 150, 423, 288, 845, 250, 333, 222, 83, 273, 435, 69, 124, 393, 419, 204, 31, 187, 245, 282, 588, 328, 498, 154, 286, 357, 183, 508, 100, 655, 117, 284, 153, 289, 318, 196, 89, 111, 479, 323, 143, 471, 411, 100, 322, 31, 603, 200, 546, 402, 153, 660, 276, 211, 248, 483, 9, 285, 179, 245, 660, 475, 483, 742, 655, 588, 252, 188, 71, 132, 321, 7, 284, 258, 474, 194]"
764,"[732, 23, 471, 515, 228, 66, 226, 423, 218, 187, 144, 211, 286, 188, 405, 79, 31, 742, 475, 188, 322, 475, 476, 597, 496, 144, 511, 99, 250, 58, 328, 318, 23, 185, 164, 393, 322, 326, 385, 318, 252, 56, 111, 24, 50, 237, 173, 210, 472, 433, 88, 451, 176, 174, 95, 168, 230, 508, 25, 172, 472, 321, 173, 508, 200, 435, 582, 25, 23, 134, 172, 82, 443, 739, 410, 154, 480, 70, 588, 179, 385, 172, 511, 472, 301, 202, 515, 150, 117, 216, 597, 121, 70, 124, 15, 651, 204, 410, 294, 121]"
772,"[252, 508, 199, 151, 435, 588, 265, 117, 471, 597, 327, 56, 276, 405, 252, 419, 472, 475, 248, 100, 739, 9, 515, 121, 69, 748, 474, 498, 248, 182, 514, 121, 328, 655, 302, 284, 732, 193, 137, 301, 88, 226, 25, 323, 411, 326, 273, 210, 432, 209, 194, 125, 175, 597, 77, 289, 393, 13, 660, 323, 4, 410, 274, 328, 124, 182, 248, 118, 597, 284, 195, 357, 202, 237, 229, 174, 411, 196, 289, 248, 23, 134, 546, 318, 208, 228, 319, 322, 22, 357, 182, 89, 191, 252, 172, 480, 124, 161, 188, 684]"
402,"[435, 237, 15, 508, 690, 385, 248, 582, 238, 405, 71, 50, 257, 186, 269, 151, 127, 89, 431, 301, 229, 8, 550, 274, 168, 367, 411, 333, 127, 258, 385, 151, 258, 678, 187, 283, 193, 215, 100, 222, 269, 245, 172, 591, 173, 419, 318, 151, 218, 83, 474, 132, 235, 550, 289, 227, 185, 9, 333, 685, 300, 14, 151, 187, 678, 218, 182, 218, 651, 181, 133, 255, 283, 508, 194, 182, 183, 151, 322, 50, 692, 13, 193, 194, 200, 474, 319, 480, 274, 405, 252, 678, 476, 651, 25, 154, 508, 328, 194, 471]"
82,"[227, 127, 196, 147, 202, 301, 222, 692, 483, 208, 273, 655, 23, 259, 322, 216, 215, 218, 479, 298, 514, 367, 285, 151, 181, 176, 385, 71, 23, 4, 690, 479, 690, 137, 12, 319, 411, 31, 234, 182, 23, 651, 77, 121, 100, 143, 692, 514, 474, 268, 127, 185, 273, 252, 230, 216, 474, 4, 89, 132, 286, 209, 23, 227, 591, 435, 326, 58, 405, 655, 143, 333, 154, 435, 202, 327, 479, 228, 196, 405, 302, 252, 208, 443, 603, 137, 222, 283, 527, 25, 301, 95, 172, 183, 95, 252, 188, 176, 216, 176]"
